Kernel  	   C	  alpha tol	  eps	gamma  	  degree	  opt tol	  train avg mse	  train std mse	  test avg mse	test std mse       	  train avg mee	  train std mee	  test avg mee	  test std mee
rbf     	2560	      0.1  	0.01 	auto   	       1	    0.001	       13.3753 	     19.0005   	      13.8034 	19.715195521152477 	        2.59459	     1.80684   	       2.63314	     1.8414
sigmoid 	2560	      0.1  	0.01 	auto   	       1	    0.001	        0      	      0        	       0      	Exception
rbf     	2560	      0.1  	0.001	auto   	       1	    0.001	       13.0431 	     19.022    	      13.432  	19.744047497947957 	        2.53495	     1.86043   	       2.56131	     1.88813
sigmoid 	2560	      0.1  	0.001	auto   	       1	    0.001	        0      	      0        	       0      	Exception
rbf     	2560	      0.1  	0.1  	auto   	       1	    0.001	       46.8887 	     17.7037   	      47.6706 	18.735458793762195 	        6.32981	     0.797     	       6.39305	     0.866671
sigmoid 	2560	      0.1  	0.1  	auto   	       1	    0.001	        0      	      0        	       0      	Exception
rbf     	2560	      0.1  	0.01 	auto   	       1	    1e-05	       32.96   	     22.7127   	      32.8896 	22.535241002259806 	        4.56753	     2.09541   	       4.55829	     2.04539
sigmoid 	2560	      0.1  	0.01 	auto   	       1	    1e-05	        0      	      0        	       0      	Exception
rbf     	2560	      0.1  	0.001	auto   	       1	    1e-05	       32.1707 	     23.3993   	      31.4943 	22.817237496567188 	        4.40536	     2.29001   	       4.35352	     2.23641
sigmoid 	2560	      0.1  	0.001	auto   	       1	    1e-05	        0      	      0        	       0      	Exception
rbf     	2560	      0.1  	0.1  	auto   	       1	    1e-05	       60.3836 	     22.6841   	      62.2012 	24.15154558423179  	        7.00711	     1.35352   	       7.14469	     1.33813
sigmoid 	2560	      0.1  	0.1  	auto   	       1	    1e-05	        0      	      0        	       0      	Exception
rbf     	2560	      0.1  	0.01 	auto   	       1	    1e-07	       32.3253 	     23.3133   	      32.7673 	23.594022599420086 	        4.39582	     2.22459   	       4.41456	     2.19876
sigmoid 	2560	      0.1  	0.01 	auto   	       1	    1e-07	        0      	      0        	       0      	Exception
rbf     	2560	      0.1  	0.001	auto   	       1	    1e-07	       32.4008 	     23.5955   	      31.9471 	22.9981518610697   	        4.41966	     2.30552   	       4.43687	     2.25074
sigmoid 	2560	      0.1  	0.001	auto   	       1	    1e-07	        0      	      0        	       0      	Exception
rbf     	2560	      0.1  	0.1  	auto   	       1	    1e-07	       48.7081 	     16.6159   	      49.9125 	18.886549273656023 	        6.49727	     0.837851  	       6.54153	     0.964894
sigmoid 	2560	      0.1  	0.1  	auto   	       1	    1e-07	        0      	      0        	       0      	Exception
rbf     	2560	      0.001	0.01 	auto   	       1	    0.001	       32.5963 	     23.4621   	      31.0838 	22.08269080215181  	        4.48236	     2.28267   	       4.41718	     2.19216
sigmoid 	2560	      0.001	0.01 	auto   	       1	    0.001	        0      	      0        	       0      	Exception
rbf     	2560	      0.001	0.001	auto   	       1	    0.001	       41.6748 	     19.1177   	      42.1992 	19.20171677825105  	        5.333  	     1.87082   	       5.3903 	     1.85049
sigmoid 	2560	      0.001	0.001	auto   	       1	    0.001	        0      	      0        	       0      	Exception
rbf     	2560	      0.001	0.1  	auto   	       1	    0.001	       47.0122 	     18.5532   	      47.3092 	18.182300874764646 	        6.44008	     1.06225   	       6.47252	     1.05399
sigmoid 	2560	      0.001	0.1  	auto   	       1	    0.001	        0      	      0        	       0      	Exception
rbf     	2560	      0.001	0.01 	auto   	       1	    1e-05	       23.55   	     22.9642   	      23.1596 	22.239183051067936 	        3.67476	     2.14973   	       3.65642	     2.06424
sigmoid 	2560	      0.001	0.01 	auto   	       1	    1e-05	        0      	      0        	       0      	Exception
rbf     	2560	      0.001	0.001	auto   	       1	    1e-05	        3.54501	      0.035645 	       3.65326	0.19266475139698064	        1.60957	     0.00819144	       1.63705	     0.048528
sigmoid 	2560	      0.001	0.001	auto   	       1	    1e-05	        0      	      0        	       0      	Exception
rbf     	2560	      0.001	0.1  	auto   	       1	    1e-05	       50.5743 	     23.2324   	      50.9086 	24.832054429962586 	        6.42835	     1.37401   	       6.42537	     1.37077
sigmoid 	2560	      0.001	0.1  	auto   	       1	    1e-05	        0      	      0        	       0      	Exception
rbf     	2560	      0.001	0.01 	auto   	       1	    1e-07	       22.7782 	     23.246    	      23.0155 	23.6376239324782   	        3.51794	     2.26109   	       3.50159	     2.23157
sigmoid 	2560	      0.001	0.01 	auto   	       1	    1e-07	        0      	      0        	       0      	Exception
rbf     	2560	      0.001	0.001	auto   	       1	    1e-07	       41.4394 	     18.9287   	      41.6375 	19.152674275373254 	        5.33565	     1.85716   	       5.31625	     1.84021
sigmoid 	2560	      0.001	0.001	auto   	       1	    1e-07	        0      	      0        	       0      	Exception
rbf     	2560	      0.001	0.1  	auto   	       1	    1e-07	       47.9232 	     17.9259   	      46.8784 	17.28236502175583  	        6.48344	     1.03592   	       6.40463	     1.02189
sigmoid 	2560	      0.001	0.1  	auto   	       1	    1e-07	        0      	      0        	       0      	Exception
rbf     	2560	      1e-05	0.01 	auto   	       1	    0.001	       41.9229 	     18.9921   	      41.8086 	19.06986262200194  	        5.37506	     1.83697   	       5.35015	     1.80602
sigmoid 	2560	      1e-05	0.01 	auto   	       1	    0.001	        0      	      0        	       0      	Exception
rbf     	2560	      1e-05	0.001	auto   	       1	    0.001	       22.3881 	     23.1275   	      23.4449 	24.28451861608117  	        3.45614	     2.27      	       3.55195	     2.3637
sigmoid 	2560	      1e-05	0.001	auto   	       1	    0.001	        0      	      0        	       0      	Exception
rbf     	2560	      1e-05	0.1  	auto   	       1	    0.001	       55.8753 	     22.3894   	      53.1674 	18.48790175192267  	        6.71249	     0.996556  	       6.58804	     0.817567
sigmoid 	2560	      1e-05	0.1  	auto   	       1	    0.001	        0      	      0        	       0      	Exception
rbf     	2560	      1e-05	0.01 	auto   	       1	    1e-05	       23.3606 	     23.5056   	      22.8464 	22.69658243896505  	        3.6475 	     2.29659   	       3.63765	     2.24904
sigmoid 	2560	      1e-05	0.01 	auto   	       1	    1e-05	        0      	      0        	       0      	Exception
rbf     	2560	      1e-05	0.001	auto   	       1	    1e-05	       12.986  	     18.8726   	      12.4371 	17.739979016191544 	        2.53823	     1.8572    	       2.48786	     1.73707
sigmoid 	2560	      1e-05	0.001	auto   	       1	    1e-05	        0      	      0        	       0      	Exception
rbf     	2560	      1e-05	0.1  	auto   	       1	    1e-05	       43.1827 	     12.3971   	      43.101  	11.67614113422662  	        6.04383	     0.886409  	       6.03175	     0.761485
sigmoid 	2560	      1e-05	0.1  	auto   	       1	    1e-05	        0      	      0        	       0      	Exception
rbf     	2560	      1e-05	0.01 	auto   	       1	    1e-07	       13.3059 	     18.9262   	      13.7355 	19.642766265621184 	        2.59318	     1.8161    	       2.625  	     1.84754
sigmoid 	2560	      1e-05	0.01 	auto   	       1	    1e-07	        0      	      0        	       0      	Exception
rbf     	2560	      1e-05	0.001	auto   	       1	    1e-07	       13.0024 	     18.8675   	      12.4514 	17.710126773067632 	        2.54394	     1.86014   	       2.49804	     1.73549
sigmoid 	2560	      1e-05	0.001	auto   	       1	    1e-07	        0      	      0        	       0      	Exception
rbf     	2560	      1e-05	0.1  	auto   	       1	    1e-07	       48.8717 	     17.5554   	      49.9755 	19.077745475431264 	        6.49576	     0.892516  	       6.58667	     1.00691
sigmoid 	2560	      1e-05	0.1  	auto   	       1	    1e-07	        0      	      0        	       0      	Exception
rbf     	2560	      1e-07	0.01 	auto   	       1	    0.001	       22.7073 	     23.0376   	      23.0856 	23.60434710425318  	        3.55254	     2.27419   	       3.54723	     2.25746
sigmoid 	2560	      1e-07	0.01 	auto   	       1	    0.001	        0      	      0        	       0      	Exception
rbf     	2560	      1e-07	0.001	auto   	       1	    0.001	       32.2299 	     23.4341   	      31.4799 	22.78138602005392  	        4.41377	     2.29639   	       4.36411	     2.21868
sigmoid 	2560	      1e-07	0.001	auto   	       1	    0.001	        0      	      0        	       0      	Exception
rbf     	2560	      1e-07	0.1  	auto   	       1	    0.001	       47.2252 	     18.3765   	      46.0758 	15.560283751133378 	        6.46407	     1.06525   	       6.40628	     0.892779
sigmoid 	2560	      1e-07	0.1  	auto   	       1	    0.001	        0      	      0        	       0      	Exception
rbf     	2560	      1e-07	0.01 	auto   	       1	    1e-05	       14.0821 	     19.0412   	      13.5105 	17.590544475082737 	        2.79115	     1.86003   	       2.75731	     1.71482
sigmoid 	2560	      1e-07	0.01 	auto   	       1	    1e-05	        0      	      0        	       0      	Exception
rbf     	2560	      1e-07	0.001	auto   	       1	    1e-05	       32.3412 	     23.4973   	      32.116  	23.348793428285365 	        4.41502	     2.29038   	       4.45339	     2.307
sigmoid 	2560	      1e-07	0.001	auto   	       1	    1e-05	        0      	      0        	       0      	Exception
rbf     	2560	      1e-07	0.1  	auto   	       1	    1e-05	       36.4023 	     13.267    	      35.6484 	12.75992938741291  	        5.55016	     1.0502    	       5.46988	     1.01143
sigmoid 	2560	      1e-07	0.1  	auto   	       1	    1e-05	        0      	      0        	       0      	Exception
rbf     	2560	      1e-07	0.01 	auto   	       1	    1e-07	       13.4449 	     19.1306   	      13.4918 	18.959503536406878 	        2.61652	     1.84026   	       2.66662	     1.89656
sigmoid 	2560	      1e-07	0.01 	auto   	       1	    1e-07	        0      	      0        	       0      	Exception
rbf     	2560	      1e-07	0.001	auto   	       1	    1e-07	       22.3364 	     23.0445   	      23.7319 	24.54466342696375  	        3.45568	     2.2654    	       3.53112	     2.31747
sigmoid 	2560	      1e-07	0.001	auto   	       1	    1e-07	        0      	      0        	       0      	Exception
rbf     	2560	      1e-07	0.1  	auto   	       1	    1e-07	       58.5861 	     22.0608   	      58.3955 	21.376812450816598 	        7.07369	     1.19828   	       7.06988	     1.18354
sigmoid 	2560	      1e-07	0.1  	auto   	       1	    1e-07	        0      	      0        	       0      	Exception
rbf     	1280	      0.1  	0.01 	auto   	       1	    0.001	       23.4829 	     23.6009   	      23.8029 	23.80067894824524  	        3.64437	     2.27521   	       3.69384	     2.31384
sigmoid 	1280	      0.1  	0.01 	auto   	       1	    0.001	        0      	      0        	       0      	Exception
rbf     	1280	      0.1  	0.001	auto   	       1	    0.001	        3.9006 	      0.0592139	       4.01898	0.18839108222784912	        1.70761	     0.0136162 	       1.73682	     0.0395692
sigmoid 	1280	      0.1  	0.001	auto   	       1	    0.001	        0      	      0        	       0      	Exception
rbf     	1280	      0.1  	0.1  	auto   	       1	    0.001	       47.993  	     19.154    	      46.8641 	16.264905339975964 	        6.50352	     1.10367   	       6.45107	     0.928552
sigmoid 	1280	      0.1  	0.1  	auto   	       1	    0.001	        0      	      0        	       0      	Exception
rbf     	1280	      0.1  	0.01 	auto   	       1	    1e-05	       23.4905 	     22.5573   	      23.8605 	23.046594951423362 	        3.73492	     2.15936   	       3.74031	     2.12756
sigmoid 	1280	      0.1  	0.01 	auto   	       1	    1e-05	        0      	      0        	       0      	Exception
rbf     	1280	      0.1  	0.001	auto   	       1	    1e-05	       32.4427 	     23.3178   	      33.0558 	23.592764026738458 	        4.45822	     2.24747   	       4.51197	     2.23251
sigmoid 	1280	      0.1  	0.001	auto   	       1	    1e-05	        0      	      0        	       0      	Exception
rbf     	1280	      0.1  	0.1  	auto   	       1	    1e-05	       58.0708 	     30.7161   	      56.4376 	27.017407851986366 	        6.97587	     1.6854    	       6.88357	     1.55771
sigmoid 	1280	      0.1  	0.1  	auto   	       1	    1e-05	        0      	      0        	       0      	Exception
rbf     	1280	      0.1  	0.01 	auto   	       1	    1e-07	       23.1024 	     23.1052   	      23.0397 	22.95938367314016  	        3.55822	     2.17061   	       3.58555	     2.18419
sigmoid 	1280	      0.1  	0.01 	auto   	       1	    1e-07	        0      	      0        	       0      	Exception
rbf     	1280	      0.1  	0.001	auto   	       1	    1e-07	       22.7135 	     22.9911   	      22.9346 	23.327121675165323 	        3.53321	     2.22362   	       3.51468	     2.20197
sigmoid 	1280	      0.1  	0.001	auto   	       1	    1e-07	        0      	      0        	       0      	Exception
rbf     	1280	      0.1  	0.1  	auto   	       1	    1e-07	       48.3613 	     18.0308   	      48.7626 	18.652296648397137 	        6.5134 	     1.04432   	       6.52422	     1.0682
sigmoid 	1280	      0.1  	0.1  	auto   	       1	    1e-07	        0      	      0        	       0      	Exception
rbf     	1280	      0.001	0.01 	auto   	       1	    0.001	       23.0825 	     23.0606   	      23.0159 	22.929832228986122 	        3.56132	     2.1697    	       3.58508	     2.18551
sigmoid 	1280	      0.001	0.01 	auto   	       1	    0.001	        0      	      0        	       0      	Exception
rbf     	1280	      0.001	0.001	auto   	       1	    0.001	       22.8308 	     23.1873   	      23.1828 	23.55298238246711  	        3.53113	     2.23583   	       3.52905	     2.20676
sigmoid 	1280	      0.001	0.001	auto   	       1	    0.001	        0      	      0        	       0      	Exception
rbf     	1280	      0.001	0.1  	auto   	       1	    0.001	       75.5548 	     18.5992   	      76.54   	18.301465463524544 	        8.0789 	     1.06496   	       8.14407	     0.997546
sigmoid 	1280	      0.001	0.1  	auto   	       1	    0.001	        0      	      0        	       0      	Exception
rbf     	1280	      0.001	0.01 	auto   	       1	    1e-05	       33.0294 	     22.6967   	      33.9231 	23.259983326653575 	        4.57051	     2.09755   	       4.65925	     2.09543
sigmoid 	1280	      0.001	0.01 	auto   	       1	    1e-05	        0      	      0        	       0      	Exception
rbf     	1280	      0.001	0.001	auto   	       1	    1e-05	       22.7683 	     23.1238   	      23.2506 	23.589356794528356 	        3.52517	     2.22608   	       3.58174	     2.27135
sigmoid 	1280	      0.001	0.001	auto   	       1	    1e-05	        0      	      0        	       0      	Exception
rbf     	1280	      0.001	0.1  	auto   	       1	    1e-05	       56.5022 	     15.1105   	      58.7973 	16.987941652738474 	        6.97474	     0.896052  	       7.15345	     1.02815
sigmoid 	1280	      0.001	0.1  	auto   	       1	    1e-05	        0      	      0        	       0      	Exception
rbf     	1280	      0.001	0.01 	auto   	       1	    1e-07	       23.376  	     23.361    	      23.0654 	22.73606130922715  	        3.61862	     2.22427   	       3.67134	     2.23115
sigmoid 	1280	      0.001	0.01 	auto   	       1	    1e-07	        0      	      0        	       0      	Exception
rbf     	1280	      0.001	0.001	auto   	       1	    1e-07	       13.459  	     19.1401   	      13.7954 	19.419869828393505 	        2.62917	     1.84866   	       2.66441	     1.83031
sigmoid 	1280	      0.001	0.001	auto   	       1	    1e-07	        0      	      0        	       0      	Exception
rbf     	1280	      0.001	0.1  	auto   	       1	    1e-07	       48.6589 	     18.5919   	      47.5676 	15.68336538137693  	        6.52995	     1.08168   	       6.48556	     0.895036
sigmoid 	1280	      0.001	0.1  	auto   	       1	    1e-07	        0      	      0        	       0      	Exception
rbf     	1280	      1e-05	0.01 	auto   	       1	    0.001	       42.4885 	     19.1491   	      43.3371 	19.44848439714097  	        5.48743	     1.84935   	       5.57237	     1.85914
sigmoid 	1280	      1e-05	0.01 	auto   	       1	    0.001	        0      	      0        	       0      	Exception
rbf     	1280	      1e-05	0.001	auto   	       1	    0.001	       13.359  	     18.8781   	      12.7942 	17.72309602413408  	        2.63006	     1.83763   	       2.57897	     1.71419
sigmoid 	1280	      1e-05	0.001	auto   	       1	    0.001	        0      	      0        	       0      	Exception
rbf     	1280	      1e-05	0.1  	auto   	       1	    0.001	       65.9545 	     22.4124   	      66.5539 	23.98806309315708  	        7.3591 	     1.16558   	       7.35651	     1.21364
sigmoid 	1280	      1e-05	0.1  	auto   	       1	    0.001	        0      	      0        	       0      	Exception
rbf     	1280	      1e-05	0.01 	auto   	       1	    1e-05	       42.8305 	     19.1365   	      42.6678 	19.022072266871824 	        5.45442	     1.78775   	       5.47006	     1.77798
sigmoid 	1280	      1e-05	0.01 	auto   	       1	    1e-05	        0      	      0        	       0      	Exception
rbf     	1280	      1e-05	0.001	auto   	       1	    1e-05	       32.0481 	     22.9789   	      32.4207 	23.318880950852126 	        4.44298	     2.23079   	       4.40524	     2.19532
sigmoid 	1280	      1e-05	0.001	auto   	       1	    1e-05	        0      	      0        	       0      	Exception
rbf     	1280	      1e-05	0.1  	auto   	       1	    1e-05	       43.3888 	     12.3259   	      43.7282 	14.352053910924273 	        6.24483	     0.933702  	       6.25056	     1.08183
sigmoid 	1280	      1e-05	0.1  	auto   	       1	    1e-05	        0      	      0        	       0      	Exception
rbf     	1280	      1e-05	0.01 	auto   	       1	    1e-07	       32.5954 	     23.0592   	      32.557  	23.06142240594593  	        4.549  	     2.23801   	       4.54156	     2.19082
sigmoid 	1280	      1e-05	0.01 	auto   	       1	    1e-07	        0      	      0        	       0      	Exception
rbf     	1280	      1e-05	0.001	auto   	       1	    1e-07	       22.9135 	     23.3337   	      22.6147 	22.70737079203441  	        3.53111	     2.24389   	       3.53203	     2.19034
sigmoid 	1280	      1e-05	0.001	auto   	       1	    1e-07	        0      	      0        	       0      	Exception
rbf     	1280	      1e-05	0.1  	auto   	       1	    1e-07	       66.9469 	     23.3787   	      66.1893 	22.045252299279777 	        7.46258	     1.27642   	       7.4349 	     1.14769
sigmoid 	1280	      1e-05	0.1  	auto   	       1	    1e-07	        0      	      0        	       0      	Exception
rbf     	1280	      1e-07	0.01 	auto   	       1	    0.001	       22.9769 	     22.9506   	      23.9734 	24.017722816096967 	        3.55152	     2.15672   	       3.58457	     2.16416
sigmoid 	1280	      1e-07	0.01 	auto   	       1	    0.001	        0      	      0        	       0      	Exception
rbf     	1280	      1e-07	0.001	auto   	       1	    0.001	       22.9679 	     23.4082   	      22.8862 	23.083239688137834 	        3.54132	     2.25876   	       3.57247	     2.24355
sigmoid 	1280	      1e-07	0.001	auto   	       1	    0.001	        0      	      0        	       0      	Exception
rbf     	1280	      1e-07	0.1  	auto   	       1	    0.001	       73.8538 	     17.8568   	      73.8774 	18.239303526402388 	        7.72531	     0.913351  	       7.73887	     0.915263
sigmoid 	1280	      1e-07	0.1  	auto   	       1	    0.001	        0      	      0        	       0      	Exception
rbf     	1280	      1e-07	0.01 	auto   	       1	    1e-05	       23.5479 	     22.8741   	      24.5872 	23.94995745645582  	        3.68707	     2.14662   	       3.78389	     2.23143
sigmoid 	1280	      1e-07	0.01 	auto   	       1	    1e-05	        0      	      0        	       0      	Exception
rbf     	1280	      1e-07	0.001	auto   	       1	    1e-05	       22.8837 	     23.241    	      23.2582 	23.731167463710555 	        3.54211	     2.24528   	       3.59465	     2.30999
sigmoid 	1280	      1e-07	0.001	auto   	       1	    1e-05	        0      	      0        	       0      	Exception
rbf     	1280	      1e-07	0.1  	auto   	       1	    1e-05	       51.8623 	     14.4355   	      51.1167 	14.50971160563334  	        6.79612	     0.943417  	       6.74484	     0.974986
sigmoid 	1280	      1e-07	0.1  	auto   	       1	    1e-05	        0      	      0        	       0      	Exception
rbf     	1280	      1e-07	0.01 	auto   	       1	    1e-07	        4.24957	      0.124679 	       4.39987	0.22420604654334442	        1.79032	     0.0248679 	       1.82553	     0.0586358
sigmoid 	1280	      1e-07	0.01 	auto   	       1	    1e-07	        0      	      0        	       0      	Exception
rbf     	1280	      1e-07	0.001	auto   	       1	    1e-07	       22.6657 	     23.0085   	      23.968  	24.31752445008957  	        3.53423	     2.24004   	       3.60934	     2.27852
sigmoid 	1280	      1e-07	0.001	auto   	       1	    1e-07	        0      	      0        	       0      	Exception
rbf     	1280	      1e-07	0.1  	auto   	       1	    1e-07	       58.6087 	     22.9415   	      60.9377 	26.45679570774046  	        7.0407 	     1.22833   	       7.14989	     1.4438
sigmoid 	1280	      1e-07	0.1  	auto   	       1	    1e-07	        0      	      0        	       0      	Exception
rbf     	 640	      0.1  	0.01 	auto   	       1	    0.001	       23.269  	     22.8991   	      22.72   	22.20793232039884  	        3.64454	     2.17801   	       3.56242	     2.06485
sigmoid 	 640	      0.1  	0.01 	auto   	       1	    0.001	        0      	      0        	       0      	Exception
rbf     	 640	      0.1  	0.001	auto   	       1	    0.001	       13.781  	     19.1177   	      14.0695 	19.331859063321644 	        2.70219	     1.8281    	       2.7342 	     1.8078
sigmoid 	 640	      0.1  	0.001	auto   	       1	    0.001	        0      	      0        	       0      	Exception
rbf     	 640	      0.1  	0.1  	auto   	       1	    0.001	       47.5475 	     17.7974   	      48.784  	20.556238728023114 	        6.39548	     0.849009  	       6.43931	     0.985325
sigmoid 	 640	      0.1  	0.1  	auto   	       1	    0.001	        0      	      0        	       0      	Exception
rbf     	 640	      0.1  	0.01 	auto   	       1	    1e-05	       42.2732 	     18.9429   	      42.3036 	19.049217922854698 	        5.47647	     1.82474   	       5.45508	     1.79495
sigmoid 	 640	      0.1  	0.01 	auto   	       1	    1e-05	        0      	      0        	       0      	Exception
rbf     	 640	      0.1  	0.001	auto   	       1	    1e-05	       23.2327 	     23.2643   	      22.4978 	22.201154226881073 	        3.60472	     2.22006   	       3.61503	     2.19162
sigmoid 	 640	      0.1  	0.001	auto   	       1	    1e-05	        0      	      0        	       0      	Exception
rbf     	 640	      0.1  	0.1  	auto   	       1	    1e-05	       59.4072 	     16.3623   	      60.1014 	16.885827943982765 	        7.23507	     0.894361  	       7.28636	     0.896609
sigmoid 	 640	      0.1  	0.1  	auto   	       1	    1e-05	        0      	      0        	       0      	Exception
rbf     	 640	      0.1  	0.01 	auto   	       1	    1e-07	       32.6443 	     22.9104   	      32.5992 	22.818894573808688 	        4.49088	     2.14195   	       4.48659	     2.1111
sigmoid 	 640	      0.1  	0.01 	auto   	       1	    1e-07	        0      	      0        	       0      	Exception
rbf     	 640	      0.1  	0.001	auto   	       1	    1e-07	       32.3884 	     22.9431   	      33.1304 	23.56360014971139  	        4.48717	     2.19068   	       4.53491	     2.21762
sigmoid 	 640	      0.1  	0.001	auto   	       1	    1e-07	        0      	      0        	       0      	Exception
rbf     	 640	      0.1  	0.1  	auto   	       1	    1e-07	       58.1753 	     21.8593   	      57.3152 	20.399200422009738 	        7.09142	     1.25417   	       7.04299	     1.15148
sigmoid 	 640	      0.1  	0.1  	auto   	       1	    1e-07	        0      	      0        	       0      	Exception
rbf     	 640	      0.001	0.01 	auto   	       1	    0.001	       32.673  	     22.9524   	      32.647  	22.96716042158402  	        4.48786	     2.13981   	       4.47573	     2.14183
sigmoid 	 640	      0.001	0.01 	auto   	       1	    0.001	        0      	      0        	       0      	Exception
rbf     	 640	      0.001	0.001	auto   	       1	    0.001	       22.9212 	     22.8456   	      23.124  	23.1451592839204   	        3.58837	     2.19112   	       3.57073	     2.1666
sigmoid 	 640	      0.001	0.001	auto   	       1	    0.001	        0      	      0        	       0      	Exception
rbf     	 640	      0.001	0.1  	auto   	       1	    0.001	       47.6797 	     17.7549   	      48.5113 	18.912531667948862 	        6.39589	     0.836352  	       6.46552	     0.914284
sigmoid 	 640	      0.001	0.1  	auto   	       1	    0.001	        0      	      0        	       0      	Exception
rbf     	 640	      0.001	0.01 	auto   	       1	    1e-05	       23.457  	     23.0762   	      22.9442 	22.473163594482997 	        3.67785	     2.2051    	       3.6559 	     2.18268
sigmoid 	 640	      0.001	0.01 	auto   	       1	    1e-05	        0      	      0        	       0      	Exception
rbf     	 640	      0.001	0.001	auto   	       1	    1e-05	       32.3685 	     22.9904   	      32.7496 	23.037803460187554 	        4.47578	     2.19456   	       4.50136	     2.15171
sigmoid 	 640	      0.001	0.001	auto   	       1	    1e-05	        0      	      0        	       0      	Exception
rbf     	 640	      0.001	0.1  	auto   	       1	    1e-05	       61.6194 	     21.9371   	      58.8743 	19.247896047476946 	        7.27092	     1.16005   	       7.0939 	     1.05304
sigmoid 	 640	      0.001	0.1  	auto   	       1	    1e-05	        0      	      0        	       0      	Exception
rbf     	 640	      0.001	0.01 	auto   	       1	    1e-07	       51.784  	      0.746309 	      51.8882 	2.573103724804792  	        6.37365	     0.0831708 	       6.35944	     0.236841
sigmoid 	 640	      0.001	0.01 	auto   	       1	    1e-07	        0      	      0        	       0      	Exception
rbf     	 640	      0.001	0.001	auto   	       1	    1e-07	       22.8728 	     22.8453   	      23.9361 	23.87530869933822  	        3.5791 	     2.19146   	       3.62518	     2.19285
sigmoid 	 640	      0.001	0.001	auto   	       1	    1e-07	        0      	      0        	       0      	Exception
rbf     	 640	      0.001	0.1  	auto   	       1	    1e-07	       57.7122 	     21.2813   	      58.9683 	22.342863268175893 	        7.00242	     1.14844   	       7.08891	     1.20335
sigmoid 	 640	      0.001	0.1  	auto   	       1	    1e-07	        0      	      0        	       0      	Exception
rbf     	 640	      1e-05	0.01 	auto   	       1	    0.001	       51.5225 	      0.724559 	      50.941  	2.2990504725025485 	        6.30058	     0.109758  	       6.23813	     0.132596
sigmoid 	 640	      1e-05	0.01 	auto   	       1	    0.001	        0      	      0        	       0      	Exception
rbf     	 640	      1e-05	0.001	auto   	       1	    0.001	        4.24001	      0.0535612	       4.3562 	0.22017532331088296	        1.79253	     0.0110724 	       1.82075	     0.0418585
sigmoid 	 640	      1e-05	0.001	auto   	       1	    0.001	        0      	      0        	       0      	Exception
rbf     	 640	      1e-05	0.1  	auto   	       1	    0.001	       47.9623 	     18.502    	      46.9381 	17.891788326829445 	        6.50246	     1.05609   	       6.42671	     1.04639
sigmoid 	 640	      1e-05	0.1  	auto   	       1	    0.001	        0      	      0        	       0      	Exception
rbf     	 640	      1e-05	0.01 	auto   	       1	    1e-05	       23.5853 	     23.375    	      23.2163 	22.646084867402216 	        3.6533 	     2.20426   	       3.66335	     2.15402
sigmoid 	 640	      1e-05	0.01 	auto   	       1	    1e-05	        0      	      0        	       0      	Exception
rbf     	 640	      1e-05	0.001	auto   	       1	    1e-05	       51.3841 	      0.559677 	      51.2325 	2.369304617724452  	        6.3093 	     0.0380794 	       6.28596	     0.197926
sigmoid 	 640	      1e-05	0.001	auto   	       1	    1e-05	        0      	      0        	       0      	Exception
rbf     	 640	      1e-05	0.1  	auto   	       1	    1e-05	       51.689  	     13.4622   	      50.6128 	10.917013485170203 	        6.80279	     0.759409  	       6.74886	     0.598433
sigmoid 	 640	      1e-05	0.1  	auto   	       1	    1e-05	        0      	      0        	       0      	Exception
rbf     	 640	      1e-05	0.01 	auto   	       1	    1e-07	       23.5164 	     23.2872   	      23.7907 	23.437701008919205 	        3.65121	     2.1978    	       3.67708	     2.21211
sigmoid 	 640	      1e-05	0.01 	auto   	       1	    1e-07	        0      	      0        	       0      	Exception
rbf     	 640	      1e-05	0.001	auto   	       1	    1e-07	       32.3245 	     22.8885   	      33.1756 	23.6355891877842   	        4.48704	     2.19002   	       4.54217	     2.22488
sigmoid 	 640	      1e-05	0.001	auto   	       1	    1e-07	        0      	      0        	       0      	Exception
rbf     	 640	      1e-05	0.1  	auto   	       1	    1e-07	       67.3992 	     22.6921   	      68.7924 	23.005615099759666 	        7.4363 	     1.16337   	       7.54273	     1.15571
sigmoid 	 640	      1e-05	0.1  	auto   	       1	    1e-07	        0      	      0        	       0      	Exception
rbf     	 640	      1e-07	0.01 	auto   	       1	    0.001	       32.6859 	     22.9448   	      32.6109 	22.82320940307748  	        4.4903 	     2.14186   	       4.4852 	     2.10922
sigmoid 	 640	      1e-07	0.01 	auto   	       1	    0.001	        0      	      0        	       0      	Exception
rbf     	 640	      1e-07	0.001	auto   	       1	    0.001	       23.2324 	     23.2548   	      22.828  	22.73897674448581  	        3.61387	     2.23159   	       3.56447	     2.14783
sigmoid 	 640	      1e-07	0.001	auto   	       1	    0.001	        0      	      0        	       0      	Exception
rbf     	 640	      1e-07	0.1  	auto   	       1	    0.001	       75.8945 	     18.4279   	      75.5935 	19.51571665101067  	        8.10194	     1.05299   	       8.06316	     1.13238
sigmoid 	 640	      1e-07	0.1  	auto   	       1	    0.001	        0      	      0        	       0      	Exception
rbf     	 640	      1e-07	0.01 	auto   	       1	    1e-05	       32.5879 	     22.8537   	      32.4686 	22.92804747884744  	        4.54525	     2.18216   	       4.52606	     2.17668
sigmoid 	 640	      1e-07	0.01 	auto   	       1	    1e-05	        0      	      0        	       0      	Exception
rbf     	 640	      1e-07	0.001	auto   	       1	    1e-05	       23.2868 	     23.3465   	      23.0843 	22.826402848700848 	        3.61014	     2.23167   	       3.62949	     2.18181
sigmoid 	 640	      1e-07	0.001	auto   	       1	    1e-05	        0      	      0        	       0      	Exception
rbf     	 640	      1e-07	0.1  	auto   	       1	    1e-05	       47.925  	     12.8004   	      48.3949 	13.607526563280205 	        6.52769	     0.741074  	       6.53861	     0.792808
sigmoid 	 640	      1e-07	0.1  	auto   	       1	    1e-05	        0      	      0        	       0      	Exception
rbf     	 640	      1e-07	0.01 	auto   	       1	    1e-07	       32.5159 	     22.8624   	      32.9021 	23.283489096954384 	        4.53324	     2.18812   	       4.49568	     2.156
sigmoid 	 640	      1e-07	0.01 	auto   	       1	    1e-07	        0      	      0        	       0      	Exception
rbf     	 640	      1e-07	0.001	auto   	       1	    1e-07	       13.6648 	     18.8572   	      13.3744 	18.08735732166673  	        2.69097	     1.79755   	       2.7132 	     1.80056
sigmoid 	 640	      1e-07	0.001	auto   	       1	    1e-07	        0      	      0        	       0      	Exception
rbf     	 640	      1e-07	0.1  	auto   	       1	    1e-07	       59.1371 	     22.9569   	      58.4152 	23.43752741919599  	        7.0785 	     1.23453   	       7.02771	     1.24636
sigmoid 	 640	      1e-07	0.1  	auto   	       1	    1e-07	        0      	      0        	       0      	Exception
rbf     	 320	      0.1  	0.01 	auto   	       1	    0.001	       42.4111 	     18.7855   	      42.4355 	18.887261826190663 	        5.4819 	     1.78246   	       5.49859	     1.77701
sigmoid 	 320	      0.1  	0.01 	auto   	       1	    0.001	        0      	      0        	       0      	Exception
rbf     	 320	      0.1  	0.001	auto   	       1	    0.001	       22.9574 	     22.5898   	      24.1412 	23.993649814704117 	        3.60718	     2.14426   	       3.6701 	     2.20849
sigmoid 	 320	      0.1  	0.001	auto   	       1	    0.001	        0      	      0        	       0      	Exception
rbf     	 320	      0.1  	0.1  	auto   	       1	    0.001	       57.7134 	     22.1955   	      57.6087 	22.10807113498237  	        7.00103	     1.20909   	       6.98161	     1.15618
sigmoid 	 320	      0.1  	0.1  	auto   	       1	    0.001	        0      	      0        	       0      	Exception
rbf     	 320	      0.1  	0.01 	auto   	       1	    1e-05	       32.7457 	     22.7576   	      33.526  	23.378189837749527 	        4.54305	     2.1363    	       4.61302	     2.15241
sigmoid 	 320	      0.1  	0.01 	auto   	       1	    1e-05	        0      	      0        	       0      	Exception
rbf     	 320	      0.1  	0.001	auto   	       1	    1e-05	       23.3995 	     23.1984   	      23.4761 	23.07997453693188  	        3.63686	     2.19404   	       3.66383	     2.18735
sigmoid 	 320	      0.1  	0.001	auto   	       1	    1e-05	        0      	      0        	       0      	Exception
rbf     	 320	      0.1  	0.1  	auto   	       1	    1e-05	       55.9591 	     19.6677   	      58.6193 	21.831099147629477 	        6.89154	     1.06216   	       7.08256	     1.19435
sigmoid 	 320	      0.1  	0.1  	auto   	       1	    1e-05	        0      	      0        	       0      	Exception
rbf     	 320	      0.1  	0.01 	auto   	       1	    1e-07	       23.6373 	     23.0508   	      22.7042 	21.798144046390018 	        3.71963	     2.20759   	       3.66881	     2.10237
sigmoid 	 320	      0.1  	0.01 	auto   	       1	    1e-07	        0      	      0        	       0      	Exception
rbf     	 320	      0.1  	0.001	auto   	       1	    1e-07	       23.1101 	     22.8193   	      23.5284 	23.090024523245283 	        3.61695	     2.16455   	       3.67128	     2.17069
sigmoid 	 320	      0.1  	0.001	auto   	       1	    1e-07	        0      	      0        	       0      	Exception
rbf     	 320	      0.1  	0.1  	auto   	       1	    1e-07	       57.1503 	     21.5217   	      56.2344 	21.3184430462633   	        7.0141 	     1.23622   	       6.95462	     1.24677
sigmoid 	 320	      0.1  	0.1  	auto   	       1	    1e-07	        0      	      0        	       0      	Exception
rbf     	 320	      0.001	0.01 	auto   	       1	    0.001	       14.0614 	     18.4759   	      14.4988 	19.260043545721203 	        2.77941	     1.71666   	       2.8159 	     1.75435
sigmoid 	 320	      0.001	0.01 	auto   	       1	    0.001	        0      	      0        	       0      	Exception
rbf     	 320	      0.001	0.001	auto   	       1	    0.001	       23.4076 	     23.1408   	      23.3836 	23.103414627268624 	        3.64564	     2.1932    	       3.65872	     2.18948
sigmoid 	 320	      0.001	0.001	auto   	       1	    0.001	        0      	      0        	       0      	Exception
rbf     	 320	      0.001	0.1  	auto   	       1	    0.001	       48.5301 	     18.114    	      49.6638 	20.429303958971275 	        6.46661	     0.910621  	       6.50446	     1.02515
sigmoid 	 320	      0.001	0.1  	auto   	       1	    0.001	        0      	      0        	       0      	Exception
rbf     	 320	      0.001	0.01 	auto   	       1	    1e-05	       14.381  	     19.158    	      14.6165 	19.37354358359784  	        2.82723	     1.81415   	       2.88576	     1.88411
sigmoid 	 320	      0.001	0.01 	auto   	       1	    1e-05	        0      	      0        	       0      	Exception
rbf     	 320	      0.001	0.001	auto   	       1	    1e-05	       23.0308 	     22.6775   	      24.4013 	24.321213407492895 	        3.62272	     2.16305   	       3.69405	     2.23799
sigmoid 	 320	      0.001	0.001	auto   	       1	    1e-05	        0      	      0        	       0      	Exception
rbf     	 320	      0.001	0.1  	auto   	       1	    1e-05	       65.826  	     22.1691   	      66.3731 	21.820996255247753 	        7.40273	     1.20661   	       7.47066	     1.18779
sigmoid 	 320	      0.001	0.1  	auto   	       1	    1e-05	        0      	      0        	       0      	Exception
rbf     	 320	      0.001	0.01 	auto   	       1	    1e-07	       13.9491 	     18.3466   	      14.9226 	19.996019088149414 	        2.76609	     1.70493   	       2.83434	     1.77524
sigmoid 	 320	      0.001	0.01 	auto   	       1	    1e-07	        0      	      0        	       0      	Exception
rbf     	 320	      0.001	0.001	auto   	       1	    1e-07	       23.2167 	     22.9085   	      23.6204 	23.44726529710183  	        3.64413	     2.18953   	       3.6384 	     2.17468
sigmoid 	 320	      0.001	0.001	auto   	       1	    1e-07	        0      	      0        	       0      	Exception
rbf     	 320	      0.001	0.1  	auto   	       1	    1e-07	       66.7656 	     21.6686   	      65.5483 	21.973245226785185 	        7.51897	     1.2047    	       7.41472	     1.20727
sigmoid 	 320	      0.001	0.1  	auto   	       1	    1e-07	        0      	      0        	       0      	Exception
rbf     	 320	      1e-05	0.01 	auto   	       1	    0.001	       23.2997 	     22.631    	      23.5516 	22.987063427681417 	        3.66749	     2.14138   	       3.65756	     2.10564
sigmoid 	 320	      1e-05	0.01 	auto   	       1	    0.001	        0      	      0        	       0      	Exception
rbf     	 320	      1e-05	0.001	auto   	       1	    0.001	       41.7854 	     18.6456   	      42.6235 	19.057449359993324 	        5.39637	     1.77281   	       5.42795	     1.76101
sigmoid 	 320	      1e-05	0.001	auto   	       1	    0.001	        0      	      0        	       0      	Exception
rbf     	 320	      1e-05	0.1  	auto   	       1	    0.001	       48.737  	     18.1517   	      47.5346 	15.344716060681    	        6.5487 	     1.05663   	       6.49364	     0.887954
sigmoid 	 320	      1e-05	0.1  	auto   	       1	    0.001	        0      	      0        	       0      	Exception
rbf     	 320	      1e-05	0.01 	auto   	       1	    1e-05	       23.4551 	     22.7674   	      23.3918 	22.70313062305655  	        3.65474	     2.1111    	       3.67489	     2.12962
sigmoid 	 320	      1e-05	0.01 	auto   	       1	    1e-05	        0      	      0        	       0      	Exception
rbf     	 320	      1e-05	0.001	auto   	       1	    1e-05	       32.6761 	     22.9935   	      33.629  	23.763843595784067 	        4.53475	     2.186     	       4.59493	     2.21882
sigmoid 	 320	      1e-05	0.001	auto   	       1	    1e-05	        0      	      0        	       0      	Exception
rbf     	 320	      1e-05	0.1  	auto   	       1	    1e-05	       47.7886 	     19.8187   	      47.2233 	18.148729188054567 	        6.38958	     1.06951   	       6.38055	     1.02039
sigmoid 	 320	      1e-05	0.1  	auto   	       1	    1e-05	        0      	      0        	       0      	Exception
rbf     	 320	      1e-05	0.01 	auto   	       1	    1e-07	       32.8812 	     22.9991   	      33.3874 	23.328887213668818 	        4.54556	     2.15373   	       4.58518	     2.17173
sigmoid 	 320	      1e-05	0.01 	auto   	       1	    1e-07	        0      	      0        	       0      	Exception
rbf     	 320	      1e-05	0.001	auto   	       1	    1e-07	       23.2167 	     22.9085   	      23.6204 	23.44726529710183  	        3.64413	     2.18953   	       3.6384 	     2.17468
sigmoid 	 320	      1e-05	0.001	auto   	       1	    1e-07	        0      	      0        	       0      	Exception
rbf     	 320	      1e-05	0.1  	auto   	       1	    1e-07	       66.5564 	     21.418    	      66.0419 	21.76191414802927  	        7.56641	     1.235     	       7.5345 	     1.25318
sigmoid 	 320	      1e-05	0.1  	auto   	       1	    1e-07	        0      	      0        	       0      	Exception
rbf     	 320	      1e-07	0.01 	auto   	       1	    0.001	       23.3121 	     22.6451   	      24.6521 	24.24815260038177  	        3.66735	     2.1405    	       3.746  	     2.21339
sigmoid 	 320	      1e-07	0.01 	auto   	       1	    0.001	        0      	      0        	       0      	Exception
rbf     	 320	      1e-07	0.001	auto   	       1	    0.001	       32.9948 	     23.2441   	      31.9106 	22.483618957910128 	        4.55634	     2.2037    	       4.51314	     2.18147
sigmoid 	 320	      1e-07	0.001	auto   	       1	    0.001	        0      	      0        	       0      	Exception
rbf     	 320	      1e-07	0.1  	auto   	       1	    0.001	       48.4668 	     17.6112   	      49.3868 	19.026489463082573 	        6.45945	     0.878141  	       6.53953	     0.978136
sigmoid 	 320	      1e-07	0.1  	auto   	       1	    0.001	        0      	      0        	       0      	Exception
rbf     	 320	      1e-07	0.01 	auto   	       1	    1e-05	       14.381  	     19.158    	      14.6165 	19.37354358359784  	        2.82723	     1.81415   	       2.88576	     1.88411
sigmoid 	 320	      1e-07	0.01 	auto   	       1	    1e-05	        0      	      0        	       0      	Exception
rbf     	 320	      1e-07	0.001	auto   	       1	    1e-05	       14.0692 	     19.1971   	      14.338  	19.348313372166572 	        2.75597	     1.81797   	       2.78773	     1.79494
sigmoid 	 320	      1e-07	0.001	auto   	       1	    1e-05	        0      	      0        	       0      	Exception
rbf     	 320	      1e-07	0.1  	auto   	       1	    1e-05	       56.2577 	     21.1954   	      57.5084 	22.353831602384766 	        6.89699	     1.17185   	       6.98187	     1.24575
sigmoid 	 320	      1e-07	0.1  	auto   	       1	    1e-05	        0      	      0        	       0      	Exception
rbf     	 320	      1e-07	0.01 	auto   	       1	    1e-07	        4.78034	      0.0630459	       4.90914	0.16056323417779794	        1.91443	     0.00706384	       1.9432 	     0.037212
sigmoid 	 320	      1e-07	0.01 	auto   	       1	    1e-07	        0      	      0        	       0      	Exception
rbf     	 320	      1e-07	0.001	auto   	       1	    1e-07	       32.7984 	     23.1169   	      33.3435 	23.548493002541004 	        4.54916	     2.20249   	       4.54582	     2.18091
sigmoid 	 320	      1e-07	0.001	auto   	       1	    1e-07	        0      	      0        	       0      	Exception
rbf     	 320	      1e-07	0.1  	auto   	       1	    1e-07	       66.367  	     21.2534   	      64.842  	20.70797841609357  	        7.44629	     1.13927   	       7.36642	     1.11935
sigmoid 	 320	      1e-07	0.1  	auto   	       1	    1e-07	        0      	      0        	       0      	Exception
rbf     	 160	      0.1  	0.01 	auto   	       1	    0.001	       42.3637 	     18.7291   	      42.1    	18.66997730095248  	        5.49453	     1.7781    	       5.46345	     1.73787
sigmoid 	 160	      0.1  	0.01 	auto   	       1	    0.001	        0      	      0        	       0      	Exception
rbf     	 160	      0.1  	0.001	auto   	       1	    0.001	       32.8114 	     22.9852   	      32.3807 	22.75246001883095  	        4.54602	     2.16891   	       4.54886	     2.18223
sigmoid 	 160	      0.1  	0.001	auto   	       1	    0.001	        0      	      0        	       0      	Exception
rbf     	 160	      0.1  	0.1  	auto   	       1	    0.001	       48.5322 	     17.3692   	      48.8563 	17.846943697578205 	        6.52926	     1.00347   	       6.53548	     1.03685
sigmoid 	 160	      0.1  	0.1  	auto   	       1	    0.001	        0      	      0        	       0      	Exception
rbf     	 160	      0.1  	0.01 	auto   	       1	    1e-05	       51.939  	      0.822617 	      51.7845 	2.652977768535777  	        6.40001	     0.0703808 	       6.39613	     0.212429
sigmoid 	 160	      0.1  	0.01 	auto   	       1	    1e-05	        0      	      0        	       0      	Exception
rbf     	 160	      0.1  	0.001	auto   	       1	    1e-05	        4.62501	      0.0554121	       4.74617	0.22372797132329833	        1.88242	     0.010465  	       1.91024	     0.0408566
sigmoid 	 160	      0.1  	0.001	auto   	       1	    1e-05	        0      	      0        	       0      	Exception
rbf     	 160	      0.1  	0.1  	auto   	       1	    1e-05	       56.8907 	     20.7642   	      56.0125 	19.42304023256333  	        7.00695	     1.21221   	       6.95644	     1.1212
sigmoid 	 160	      0.1  	0.1  	auto   	       1	    1e-05	        0      	      0        	       0      	Exception
rbf     	 160	      0.1  	0.01 	auto   	       1	    1e-07	       32.8888 	     22.8186   	      34.2714 	23.958171688681613 	        4.55238	     2.12571   	       4.65501	     2.21142
sigmoid 	 160	      0.1  	0.01 	auto   	       1	    1e-07	        0      	      0        	       0      	Exception
rbf     	 160	      0.1  	0.001	auto   	       1	    1e-07	       32.5348 	     22.7915   	      32.7025 	22.86850829639646  	        4.52452	     2.15742   	       4.48499	     2.10252
sigmoid 	 160	      0.1  	0.001	auto   	       1	    1e-07	        0      	      0        	       0      	Exception
rbf     	 160	      0.1  	0.1  	auto   	       1	    1e-07	       67.0034 	     22.0476   	      67.7983 	23.790878266817344 	        7.52233	     1.21271   	       7.54161	     1.33374
sigmoid 	 160	      0.1  	0.1  	auto   	       1	    1e-07	        0      	      0        	       0      	Exception
rbf     	 160	      0.001	0.01 	auto   	       1	    0.001	       14.2577 	     18.6001   	      13.6514 	17.316732030368367 	        2.84395	     1.78597   	       2.79297	     1.65259
sigmoid 	 160	      0.001	0.01 	auto   	       1	    0.001	        0      	      0        	       0      	Exception
rbf     	 160	      0.001	0.001	auto   	       1	    0.001	       42.205  	     18.7764   	      41.6004 	18.61067178914565  	        5.43714	     1.77215   	       5.4035 	     1.77105
sigmoid 	 160	      0.001	0.001	auto   	       1	    0.001	        0      	      0        	       0      	Exception
rbf     	 160	      0.001	0.1  	auto   	       1	    0.001	       57.4228 	     21.3808   	      59.5168 	23.417310565826458 	        7.03755	     1.22727   	       7.14833	     1.34734
sigmoid 	 160	      0.001	0.1  	auto   	       1	    0.001	        0      	      0        	       0      	Exception
rbf     	 160	      0.001	0.01 	auto   	       1	    1e-05	       23.5498 	     22.7821   	      23.4245 	22.557721612810646 	        3.67014	     2.11118   	       3.69587	     2.09993
sigmoid 	 160	      0.001	0.01 	auto   	       1	    1e-05	        0      	      0        	       0      	Exception
rbf     	 160	      0.001	0.001	auto   	       1	    1e-05	       41.9117 	     18.6962   	      42.0422 	18.60678676333906  	        5.40841	     1.77204   	       5.43493	     1.73752
sigmoid 	 160	      0.001	0.001	auto   	       1	    1e-05	        0      	      0        	       0      	Exception
rbf     	 160	      0.001	0.1  	auto   	       1	    1e-05	       85.2437 	      2.70203  	      85.6138 	6.683555618800403  	        8.46647	     0.0708723 	       8.48906	     0.340423
sigmoid 	 160	      0.001	0.1  	auto   	       1	    1e-05	        0      	      0        	       0      	Exception
rbf     	 160	      0.001	0.01 	auto   	       1	    1e-07	       23.2944 	     22.4792   	      24.615  	24.048397641483408 	        3.67968	     2.123     	       3.75737	     2.19419
sigmoid 	 160	      0.001	0.01 	auto   	       1	    1e-07	        0      	      0        	       0      	Exception
rbf     	 160	      0.001	0.001	auto   	       1	    1e-07	       42.2625 	     18.8855   	      42.7918 	18.910442837922155 	        5.43268	     1.78515   	       5.5109 	     1.77332
sigmoid 	 160	      0.001	0.001	auto   	       1	    1e-07	        0      	      0        	       0      	Exception
rbf     	 160	      0.001	0.1  	auto   	       1	    1e-07	       48.9613 	     17.5003   	      47.9305 	17.00096108488572  	        6.54644	     1.00454   	       6.46513	     0.998929
sigmoid 	 160	      0.001	0.1  	auto   	       1	    1e-07	        0      	      0        	       0      	Exception
rbf     	 160	      1e-05	0.01 	auto   	       1	    0.001	       23.8805 	     23.239    	      23.4606 	22.487716246936984 	        3.71978	     2.17579   	       3.72479	     2.12509
sigmoid 	 160	      1e-05	0.01 	auto   	       1	    0.001	        0      	      0        	       0      	Exception
rbf     	 160	      1e-05	0.001	auto   	       1	    0.001	       23.297  	     22.8913   	      24.1973 	23.80117810720576  	        3.64609	     2.16043   	       3.7364 	     2.24257
sigmoid 	 160	      1e-05	0.001	auto   	       1	    0.001	        0      	      0        	       0      	Exception
rbf     	 160	      1e-05	0.1  	auto   	       1	    0.001	       48.5322 	     17.3692   	      48.8563 	17.846943697578205 	        6.52926	     1.00347   	       6.53548	     1.03685
sigmoid 	 160	      1e-05	0.1  	auto   	       1	    0.001	        0      	      0        	       0      	Exception
rbf     	 160	      1e-05	0.01 	auto   	       1	    1e-05	       33.128  	     23.0594   	      33.9383 	23.529980089931993 	        4.62894	     2.19477   	       4.72665	     2.23031
sigmoid 	 160	      1e-05	0.01 	auto   	       1	    1e-05	        0      	      0        	       0      	Exception
rbf     	 160	      1e-05	0.001	auto   	       1	    1e-05	       23.3676 	     22.9848   	      23.881  	23.332221721115776 	        3.65205	     2.1715    	       3.70972	     2.18113
sigmoid 	 160	      1e-05	0.001	auto   	       1	    1e-05	        0      	      0        	       0      	Exception
rbf     	 160	      1e-05	0.1  	auto   	       1	    1e-05	       57.5559 	     22.0092   	      57.1941 	21.031937145009717 	        6.98808	     1.21406   	       6.97856	     1.1781
sigmoid 	 160	      1e-05	0.1  	auto   	       1	    1e-05	        0      	      0        	       0      	Exception
rbf     	 160	      1e-05	0.01 	auto   	       1	    1e-07	       23.6147 	     22.8547   	      23.7455 	22.914859446025268 	        3.70011	     2.14732   	       3.73634	     2.14653
sigmoid 	 160	      1e-05	0.01 	auto   	       1	    1e-07	        0      	      0        	       0      	Exception
rbf     	 160	      1e-05	0.001	auto   	       1	    1e-07	       33.0751 	     23.2629   	      32.7323 	22.796902735595722 	        4.56276	     2.19504   	       4.57682	     2.16821
sigmoid 	 160	      1e-05	0.001	auto   	       1	    1e-07	        0      	      0        	       0      	Exception
rbf     	 160	      1e-05	0.1  	auto   	       1	    1e-07	       75.4325 	     17.4438   	      75.2156 	18.328664982197086 	        8.07414	     1.00382   	       8.0444 	     1.07128
sigmoid 	 160	      1e-05	0.1  	auto   	       1	    1e-07	        0      	      0        	       0      	Exception
rbf     	 160	      1e-07	0.01 	auto   	       1	    0.001	       33.0366 	     23.0026   	      33.503  	23.19209038662314  	        4.59831	     2.17324   	       4.64568	     2.15825
sigmoid 	 160	      1e-07	0.01 	auto   	       1	    0.001	        0      	      0        	       0      	Exception
rbf     	 160	      1e-07	0.001	auto   	       1	    0.001	       13.7527 	     18.2719   	      14.6658 	19.737549490939088 	        2.74632	     1.72902   	       2.81399	     1.7956
sigmoid 	 160	      1e-07	0.001	auto   	       1	    0.001	        0      	      0        	       0      	Exception
rbf     	 160	      1e-07	0.1  	auto   	       1	    0.001	       66.8962 	     22.0365   	      66.8569 	21.079073374214364 	        7.53356	     1.23133   	       7.57329	     1.14389
sigmoid 	 160	      1e-07	0.1  	auto   	       1	    0.001	        0      	      0        	       0      	Exception
rbf     	 160	      1e-07	0.01 	auto   	       1	    1e-05	       42.606  	     18.9112   	      43.184  	19.052569270920575 	        5.50268	     1.78606   	       5.5774 	     1.79175
sigmoid 	 160	      1e-07	0.01 	auto   	       1	    1e-05	        0      	      0        	       0      	Exception
rbf     	 160	      1e-07	0.001	auto   	       1	    1e-05	       23.5758 	     23.2141   	      23.1875 	22.625826594034226 	        3.66915	     2.18903   	       3.70545	     2.20388
sigmoid 	 160	      1e-07	0.001	auto   	       1	    1e-05	        0      	      0        	       0      	Exception
rbf     	 160	      1e-07	0.1  	auto   	       1	    1e-05	       49.0969 	     18.4429   	      50.0999 	19.892201329470435 	        6.48567	     0.948619  	       6.57201	     1.04666
sigmoid 	 160	      1e-07	0.1  	auto   	       1	    1e-05	        0      	      0        	       0      	Exception
rbf     	 160	      1e-07	0.01 	auto   	       1	    1e-07	       33.0141 	     23.005    	      33.4509 	23.158276913688635 	        4.56286	     2.14965   	       4.60928	     2.12956
sigmoid 	 160	      1e-07	0.01 	auto   	       1	    1e-07	        0      	      0        	       0      	Exception
rbf     	 160	      1e-07	0.001	auto   	       1	    1e-07	       23.4117 	     22.9934   	      22.7856 	22.17142705423039  	        3.66102	     2.17688   	       3.58127	     2.05447
sigmoid 	 160	      1e-07	0.001	auto   	       1	    1e-07	        0      	      0        	       0      	Exception
rbf     	 160	      1e-07	0.1  	auto   	       1	    1e-07	       76.4096 	     17.9631   	      77.4298 	19.793804117917293 	        7.9062 	     0.920347  	       7.93984	     1.03705
sigmoid 	 160	      1e-07	0.1  	auto   	       1	    1e-07	        0      	      0        	       0      	Exception
rbf     	  80	      0.1  	0.01 	auto   	       1	    0.001	       32.9338 	     22.7618   	      32.3014 	22.267870898508182 	        4.54312	     2.09996   	       4.55043	     2.09272
sigmoid 	  80	      0.1  	0.01 	auto   	       1	    0.001	        0      	      0        	       0      	Exception
rbf     	  80	      0.1  	0.001	auto   	       1	    0.001	       32.9699 	     23.062    	      32.3324 	22.620658968619182 	        4.56924	     2.17548   	       4.51157	     2.14025
sigmoid 	  80	      0.1  	0.001	auto   	       1	    0.001	        0      	      0        	       0      	Exception
rbf     	  80	      0.1  	0.1  	auto   	       1	    0.001	       48.7971 	     16.5664   	      49.0718 	16.99460084968157  	        6.5374 	     0.969351  	       6.54146	     1.00308
sigmoid 	  80	      0.1  	0.1  	auto   	       1	    0.001	        0      	      0        	       0      	Exception
rbf     	  80	      0.1  	0.01 	auto   	       1	    1e-05	       23.8526 	     23.1189   	      23.5023 	22.57038658852674  	        3.72511	     2.15852   	       3.72204	     2.14205
sigmoid 	  80	      0.1  	0.01 	auto   	       1	    1e-05	        0      	      0        	       0      	Exception
rbf     	  80	      0.1  	0.001	auto   	       1	    1e-05	       13.9416 	     18.5019   	      15.007  	20.272650188895632 	        2.78084	     1.76401   	       2.85493	     1.84365
sigmoid 	  80	      0.1  	0.001	auto   	       1	    1e-05	        0      	      0        	       0      	Exception
rbf     	  80	      0.1  	0.1  	auto   	       1	    1e-05	       58.3583 	     20.6344   	      61.2801 	22.925680638735543 	        7.031  	     1.11728   	       7.23939	     1.24822
sigmoid 	  80	      0.1  	0.1  	auto   	       1	    1e-05	        0      	      0        	       0      	Exception
rbf     	  80	      0.1  	0.01 	auto   	       1	    1e-07	       32.7972 	     22.6801   	      33.7899 	23.418414445419934 	        4.55344	     2.11819   	       4.63073	     2.13835
sigmoid 	  80	      0.1  	0.01 	auto   	       1	    1e-07	        0      	      0        	       0      	Exception
rbf     	  80	      0.1  	0.001	auto   	       1	    1e-07	       23.4487 	     22.9429   	      22.8206 	22.125416341027215 	        3.67232	     2.16867   	       3.59214	     2.04731
sigmoid 	  80	      0.1  	0.001	auto   	       1	    1e-07	        0      	      0        	       0      	Exception
rbf     	  80	      0.1  	0.1  	auto   	       1	    1e-07	       75.4937 	     17.4344   	      76.6507 	19.245934159750643 	        7.96935	     0.953364  	       8.02291	     1.05559
sigmoid 	  80	      0.1  	0.1  	auto   	       1	    1e-07	        0      	      0        	       0      	Exception
rbf     	  80	      0.001	0.01 	auto   	       1	    0.001	       14.1956 	     18.327    	      14.6237 	19.128830177351738 	        2.81582	     1.69645   	       2.84972	     1.73613
sigmoid 	  80	      0.001	0.01 	auto   	       1	    0.001	        0      	      0        	       0      	Exception
rbf     	  80	      0.001	0.001	auto   	       1	    0.001	       14.1696 	     18.8857   	      13.5849 	17.721831464452283 	        2.80035	     1.79192   	       2.7456 	     1.66812
sigmoid 	  80	      0.001	0.001	auto   	       1	    0.001	        0      	      0        	       0      	Exception
rbf     	  80	      0.001	0.1  	auto   	       1	    0.001	       66.4115 	     21.3453   	      66.7391 	22.063610859192966 	        7.51073	     1.19965   	       7.53573	     1.27007
sigmoid 	  80	      0.001	0.1  	auto   	       1	    0.001	        0      	      0        	       0      	Exception
rbf     	  80	      0.001	0.01 	auto   	       1	    1e-05	       42.3048 	     18.6701   	      42.0743 	18.741027840864756 	        5.46081	     1.75067   	       5.42102	     1.75111
sigmoid 	  80	      0.001	0.01 	auto   	       1	    1e-05	        0      	      0        	       0      	Exception
rbf     	  80	      0.001	0.001	auto   	       1	    1e-05	       23.3039 	     22.8078   	      23.8781 	23.310012891122813 	        3.66253	     2.16314   	       3.72247	     2.17943
sigmoid 	  80	      0.001	0.001	auto   	       1	    1e-05	        0      	      0        	       0      	Exception
rbf     	  80	      0.001	0.1  	auto   	       1	    1e-05	       65.9477 	     20.7      	      63.7985 	19.495856664167537 	        7.4968 	     1.16683   	       7.33625	     1.14391
sigmoid 	  80	      0.001	0.1  	auto   	       1	    1e-05	        0      	      0        	       0      	Exception
rbf     	  80	      0.001	0.01 	auto   	       1	    1e-07	       14.1279 	     18.2802   	      15.102  	19.91988448040483  	        2.80461	     1.68779   	       2.87269	     1.7572
sigmoid 	  80	      0.001	0.01 	auto   	       1	    1e-07	        0      	      0        	       0      	Exception
rbf     	  80	      0.001	0.001	auto   	       1	    1e-07	       22.9852 	     22.3681   	      24.1646 	23.761350824703623 	        3.63097	     2.1146    	       3.69367	     2.17749
sigmoid 	  80	      0.001	0.001	auto   	       1	    1e-07	        0      	      0        	       0      	Exception
rbf     	  80	      0.001	0.1  	auto   	       1	    1e-07	       66.345  	     20.9329   	      62.8086 	18.426850345022938 	        7.52099	     1.19049   	       7.30972	     1.05255
sigmoid 	  80	      0.001	0.1  	auto   	       1	    1e-07	        0      	      0        	       0      	Exception
rbf     	  80	      1e-05	0.01 	auto   	       1	    0.001	       23.9727 	     23.2333   	      23.6325 	22.651566904090696 	        3.73217	     2.16592   	       3.77568	     2.17999
sigmoid 	  80	      1e-05	0.01 	auto   	       1	    0.001	        0      	      0        	       0      	Exception
rbf     	  80	      1e-05	0.001	auto   	       1	    0.001	       23.2418 	     22.6896   	      23.4509 	22.935664902802056 	        3.65865	     2.14931   	       3.64492	     2.11993
sigmoid 	  80	      1e-05	0.001	auto   	       1	    0.001	        0      	      0        	       0      	Exception
rbf     	  80	      1e-05	0.1  	auto   	       1	    0.001	       49.4016 	     17.603    	      50.3965 	19.151119870168483 	        6.50902	     0.909308  	       6.59643	     1.01631
sigmoid 	  80	      1e-05	0.1  	auto   	       1	    0.001	        0      	      0        	       0      	Exception
rbf     	  80	      1e-05	0.01 	auto   	       1	    1e-05	       24.0721 	     23.3872   	      24.3283 	23.560593806012918 	        3.76554	     2.2072    	       3.80685	     2.24629
sigmoid 	  80	      1e-05	0.01 	auto   	       1	    1e-05	        0      	      0        	       0      	Exception
rbf     	  80	      1e-05	0.001	auto   	       1	    1e-05	       32.5138 	     22.6909   	      33.3583 	23.416992125394348 	        4.53473	     2.14849   	       4.59016	     2.17854
sigmoid 	  80	      1e-05	0.001	auto   	       1	    1e-05	        0      	      0        	       0      	Exception
rbf     	  80	      1e-05	0.1  	auto   	       1	    1e-05	       67.0426 	     21.487    	      67.1768 	21.58908720466833  	        7.52932	     1.19295   	       7.53785	     1.1417
sigmoid 	  80	      1e-05	0.1  	auto   	       1	    1e-05	        0      	      0        	       0      	Exception
rbf     	  80	      1e-05	0.01 	auto   	       1	    1e-07	       14.1329 	     18.2902   	      15.1268 	19.96933247438265  	        2.838  	     1.75458   	       2.90691	     1.82563
sigmoid 	  80	      1e-05	0.01 	auto   	       1	    1e-07	        0      	      0        	       0      	Exception
rbf     	  80	      1e-05	0.001	auto   	       1	    1e-07	       42.416  	     18.9207   	      43.0992 	19.071162176999213 	        5.4594 	     1.7893    	       5.54336	     1.78297
sigmoid 	  80	      1e-05	0.001	auto   	       1	    1e-07	        0      	      0        	       0      	Exception
rbf     	  80	      1e-05	0.1  	auto   	       1	    1e-07	       57.4013 	     20.6295   	      58.399  	22.630031081780466 	        7.03272	     1.19716   	       7.07316	     1.33061
sigmoid 	  80	      1e-05	0.1  	auto   	       1	    1e-07	        0      	      0        	       0      	Exception
rbf     	  80	      1e-07	0.01 	auto   	       1	    0.001	       23.3246 	     22.412    	      24.6093 	23.939295433442854 	        3.657  	     2.0718    	       3.73271	     2.14049
sigmoid 	  80	      1e-07	0.01 	auto   	       1	    0.001	        0      	      0        	       0      	Exception
rbf     	  80	      1e-07	0.001	auto   	       1	    0.001	       42.316  	     18.8089   	      42.3823 	18.979262362548756 	        5.45912	     1.77699   	       5.44398	     1.77887
sigmoid 	  80	      1e-07	0.001	auto   	       1	    0.001	        0      	      0        	       0      	Exception
rbf     	  80	      1e-07	0.1  	auto   	       1	    0.001	       58.0571 	     21.5468   	      61.097  	24.356603937085872 	        7.00758	     1.17441   	       7.16527	     1.32748
sigmoid 	  80	      1e-07	0.1  	auto   	       1	    0.001	        0      	      0        	       0      	Exception
rbf     	  80	      1e-07	0.01 	auto   	       1	    1e-05	       42.5186 	     18.7375   	      42.5711 	18.85200772450804  	        5.50074	     1.76842   	       5.51855	     1.76531
sigmoid 	  80	      1e-07	0.01 	auto   	       1	    1e-05	        0      	      0        	       0      	Exception
rbf     	  80	      1e-07	0.001	auto   	       1	    1e-05	       23.6496 	     23.2398   	      23.3922 	22.669232804212303 	        3.68174	     2.19006   	       3.69548	     2.13922
sigmoid 	  80	      1e-07	0.001	auto   	       1	    1e-05	        0      	      0        	       0      	Exception
rbf     	  80	      1e-07	0.1  	auto   	       1	    1e-05	       66.8573 	     21.2097   	      64.0341 	19.743503993414414 	        7.54556	     1.18797   	       7.39518	     1.11543
sigmoid 	  80	      1e-07	0.1  	auto   	       1	    1e-05	        0      	      0        	       0      	Exception
rbf     	  80	      1e-07	0.01 	auto   	       1	    1e-07	       23.8476 	     23.1128   	      23.4997 	22.570372209116226 	        3.7251 	     2.15839   	       3.72216	     2.14246
sigmoid 	  80	      1e-07	0.01 	auto   	       1	    1e-07	        0      	      0        	       0      	Exception
rbf     	  80	      1e-07	0.001	auto   	       1	    1e-07	       42.064  	     18.6654   	      42.6014 	19.102257400571396 	        5.43462	     1.76215   	       5.48494	     1.80207
sigmoid 	  80	      1e-07	0.001	auto   	       1	    1e-07	        0      	      0        	       0      	Exception
rbf     	  80	      1e-07	0.1  	auto   	       1	    1e-07	       66.4114 	     20.8006   	      64.091  	17.858810481562518 	        7.52213	     1.18368   	       7.39507	     0.997821
sigmoid 	  80	      1e-07	0.1  	auto   	       1	    1e-07	        0      	      0        	       0      	Exception
rbf     	  40	      0.1  	0.01 	auto   	       1	    0.001	       51.3427 	      0.583808 	      51.8585 	1.8364991102916821 	        6.26923	     0.093957  	       6.29724	     0.107717
sigmoid 	  40	      0.1  	0.01 	auto   	       1	    0.001	        0      	      0        	       0      	Exception
rbf     	  40	      0.1  	0.001	auto   	       1	    0.001	       23.4179 	     22.8533   	      23.4279 	22.891186125309297 	        3.67644	     2.16089   	       3.6882 	     2.16289
sigmoid 	  40	      0.1  	0.001	auto   	       1	    0.001	        0      	      0        	       0      	Exception
rbf     	  40	      0.1  	0.1  	auto   	       1	    0.001	       57.9298 	     20.786    	      59.1281 	22.087416602340575 	        7.00591	     1.16641   	       7.09041	     1.24951
sigmoid 	  40	      0.1  	0.1  	auto   	       1	    0.001	        0      	      0        	       0      	Exception
rbf     	  40	      0.1  	0.01 	auto   	       1	    1e-05	       42.3489 	     18.7263   	      42.6074 	18.686115049987247 	        5.46074	     1.75553   	       5.50422	     1.73675
sigmoid 	  40	      0.1  	0.01 	auto   	       1	    1e-05	        0      	      0        	       0      	Exception
rbf     	  40	      0.1  	0.001	auto   	       1	    1e-05	        4.7395 	      0.0560469	       4.8525 	0.23229960541532335	        1.90914	     0.010873  	       1.93527	     0.0408324
sigmoid 	  40	      0.1  	0.001	auto   	       1	    1e-05	        0      	      0        	       0      	Exception
rbf     	  40	      0.1  	0.1  	auto   	       1	    1e-05	       75.3785 	     17.494    	      72.412  	14.027110325610455 	        8.01123	     0.994923  	       7.87389	     0.738859
sigmoid 	  40	      0.1  	0.1  	auto   	       1	    1e-05	        0      	      0        	       0      	Exception
rbf     	  40	      0.1  	0.01 	auto   	       1	    1e-07	       33.2871 	     23.0878   	      33.0148 	22.726773547558583 	        4.62533	     2.16807   	       4.65908	     2.17
sigmoid 	  40	      0.1  	0.01 	auto   	       1	    1e-07	        0      	      0        	       0      	Exception
rbf     	  40	      0.1  	0.001	auto   	       1	    1e-07	       23.4004 	     22.841    	      23.9105 	23.405441888896913 	        3.67243	     2.15724   	       3.69622	     2.16312
sigmoid 	  40	      0.1  	0.001	auto   	       1	    1e-07	        0      	      0        	       0      	Exception
rbf     	  40	      0.1  	0.1  	auto   	       1	    1e-07	       77.8353 	     18.2963   	      79.373  	20.604333472847003 	        8.01632	     0.973343  	       8.09722	     1.13054
sigmoid 	  40	      0.1  	0.1  	auto   	       1	    1e-07	        0      	      0        	       0      	Exception
rbf     	  40	      0.001	0.01 	auto   	       1	    0.001	       51.418  	      0.730366 	      52.5457 	1.3972288221497364 	        6.33534	     0.0992659 	       6.40753	     0.183385
sigmoid 	  40	      0.001	0.01 	auto   	       1	    0.001	        0      	      0        	       0      	Exception
rbf     	  40	      0.001	0.001	auto   	       1	    0.001	       23.3571 	     22.8058   	      22.5693 	21.72850959482242  	        3.66263	     2.14843   	       3.66526	     2.12415
sigmoid 	  40	      0.001	0.001	auto   	       1	    0.001	        0      	      0        	       0      	Exception
rbf     	  40	      0.001	0.1  	auto   	       1	    0.001	       74.2095 	     16.6992   	      76.227  	18.054818905208357 	        7.98319	     0.963345  	       8.12134	     1.0211
sigmoid 	  40	      0.001	0.1  	auto   	       1	    0.001	        0      	      0        	       0      	Exception
rbf     	  40	      0.001	0.01 	auto   	       1	    1e-05	       14.3888 	     18.7147   	      13.9407 	17.491142897987043 	        2.83384	     1.72833   	       2.84954	     1.67708
sigmoid 	  40	      0.001	0.01 	auto   	       1	    1e-05	        0      	      0        	       0      	Exception
rbf     	  40	      0.001	0.001	auto   	       1	    1e-05	       32.8198 	     22.9911   	      33.4822 	23.191667128254277 	        4.55782	     2.17395   	       4.6177 	     2.15104
sigmoid 	  40	      0.001	0.001	auto   	       1	    1e-05	        0      	      0        	       0      	Exception
rbf     	  40	      0.001	0.1  	auto   	       1	    1e-05	       58.3143 	     20.9959   	      56.4951 	18.372278863281387 	        7.03774	     1.19164   	       6.97213	     1.03035
sigmoid 	  40	      0.001	0.1  	auto   	       1	    1e-05	        0      	      0        	       0      	Exception
rbf     	  40	      0.001	0.01 	auto   	       1	    1e-07	       23.5726 	     22.7196   	      24.6587 	23.876431848407073 	        3.7401 	     2.16495   	       3.83482	     2.25336
sigmoid 	  40	      0.001	0.01 	auto   	       1	    1e-07	        0      	      0        	       0      	Exception
rbf     	  40	      0.001	0.001	auto   	       1	    1e-07	       14.1556 	     18.8247   	      14.2632 	18.887579960511484 	        2.79948	     1.77772   	       2.84826	     1.84391
sigmoid 	  40	      0.001	0.001	auto   	       1	    1e-07	        0      	      0        	       0      	Exception
rbf     	  40	      0.001	0.1  	auto   	       1	    1e-07	       57.1279 	     19.4664   	      56.1901 	18.246206354460877 	        7.02494	     1.17233   	       6.97272	     1.09845
sigmoid 	  40	      0.001	0.1  	auto   	       1	    1e-07	        0      	      0        	       0      	Exception
rbf     	  40	      1e-05	0.01 	auto   	       1	    0.001	       14.499  	     18.9033   	      14.719  	19.153369965519357 	        2.86973	     1.78773   	       2.92187	     1.86057
sigmoid 	  40	      1e-05	0.01 	auto   	       1	    0.001	        0      	      0        	       0      	Exception
rbf     	  40	      1e-05	0.001	auto   	       1	    0.001	       23.2009 	     22.6314   	      24.1042 	23.547062363654632 	        3.65503	     2.13891   	       3.74513	     2.22036
sigmoid 	  40	      1e-05	0.001	auto   	       1	    0.001	        0      	      0        	       0      	Exception
rbf     	  40	      1e-05	0.1  	auto   	       1	    0.001	       57.081  	     19.611    	      56.1409 	18.046218442155446 	        7.02093	     1.18103   	       6.99474	     1.07015
sigmoid 	  40	      1e-05	0.1  	auto   	       1	    0.001	        0      	      0        	       0      	Exception
rbf     	  40	      1e-05	0.01 	auto   	       1	    1e-05	        5.03542	      0.0665714	       5.14605	0.1559728909759203 	        1.9719 	     0.0102459 	       1.99726	     0.0337068
sigmoid 	  40	      1e-05	0.01 	auto   	       1	    1e-05	        0      	      0        	       0      	Exception
rbf     	  40	      1e-05	0.001	auto   	       1	    1e-05	       51.3426 	      0.759758 	      50.7688 	2.123360723827461  	        6.31069	     0.0724849 	       6.27503	     0.11474
sigmoid 	  40	      1e-05	0.001	auto   	       1	    1e-05	        0      	      0        	       0      	Exception
rbf     	  40	      1e-05	0.1  	auto   	       1	    1e-05	       68.7547 	     22.546    	      67.7219 	20.55648942306103  	        7.54675	     1.21879   	       7.54677	     1.06463
sigmoid 	  40	      1e-05	0.1  	auto   	       1	    1e-05	        0      	      0        	       0      	Exception
rbf     	  40	      1e-05	0.01 	auto   	       1	    1e-07	       33.0053 	     22.8236   	      32.9306 	22.749416828630277 	        4.57911	     2.12892   	       4.59313	     2.11703
sigmoid 	  40	      1e-05	0.01 	auto   	       1	    1e-07	        0      	      0        	       0      	Exception
rbf     	  40	      1e-05	0.001	auto   	       1	    1e-07	       42.2472 	     18.781    	      42.2011 	18.69189334428919  	        5.4558 	     1.77809   	       5.43405	     1.73586
sigmoid 	  40	      1e-05	0.001	auto   	       1	    1e-07	        0      	      0        	       0      	Exception
rbf     	  40	      1e-05	0.1  	auto   	       1	    1e-07	       50.173  	     17.8742   	      51.1718 	19.651820699291665 	        6.5429 	     0.9488    	       6.62844	     1.07315
sigmoid 	  40	      1e-05	0.1  	auto   	       1	    1e-07	        0      	      0        	       0      	Exception
rbf     	  40	      1e-07	0.01 	auto   	       1	    0.001	       33.3512 	     23.1386   	      33.3598 	22.9767569181834   	        4.65646	     2.19254   	       4.70163	     2.2016
sigmoid 	  40	      1e-07	0.01 	auto   	       1	    0.001	        0      	      0        	       0      	Exception
rbf     	  40	      1e-07	0.001	auto   	       1	    0.001	       32.638  	     22.7536   	      32.5632 	22.85236226924395  	        4.55906	     2.15632   	       4.542  	     2.16127
sigmoid 	  40	      1e-07	0.001	auto   	       1	    0.001	        0      	      0        	       0      	Exception
rbf     	  40	      1e-07	0.1  	auto   	       1	    0.001	       67.1763 	     21.3768   	      66.354  	20.662407301560677 	        7.50616	     1.18387   	       7.47066	     1.10091
sigmoid 	  40	      1e-07	0.1  	auto   	       1	    0.001	        0      	      0        	       0      	Exception
rbf     	  40	      1e-07	0.01 	auto   	       1	    1e-05	        5.03542	      0.0665714	       5.14605	0.1559728909759203 	        1.9719 	     0.0102459 	       1.99726	     0.0337068
sigmoid 	  40	      1e-07	0.01 	auto   	       1	    1e-05	        0      	      0        	       0      	Exception
rbf     	  40	      1e-07	0.001	auto   	       1	    1e-05	       13.8921 	     18.2541   	      14.2748 	19.037321711719    	        2.77777	     1.72805   	       2.79921	     1.7587
sigmoid 	  40	      1e-07	0.001	auto   	       1	    1e-05	        0      	      0        	       0      	Exception
rbf     	  40	      1e-07	0.1  	auto   	       1	    1e-05	       41.1786 	      0.324796 	      41.2416 	2.0679992565768868 	        6.06646	     0.0300181 	       6.07064	     0.201153
sigmoid 	  40	      1e-07	0.1  	auto   	       1	    1e-05	        0      	      0        	       0      	Exception
rbf     	  40	      1e-07	0.01 	auto   	       1	    1e-07	       42.2907 	     18.6419   	      42.2987 	18.682785750028955 	        5.49034	     1.76579   	       5.47081	     1.72706
sigmoid 	  40	      1e-07	0.01 	auto   	       1	    1e-07	        0      	      0        	       0      	Exception
rbf     	  40	      1e-07	0.001	auto   	       1	    1e-07	       32.8433 	     22.9855   	      34.0094 	23.697504361713353 	        4.57112	     2.17815   	       4.66959	     2.21785
sigmoid 	  40	      1e-07	0.001	auto   	       1	    1e-07	        0      	      0        	       0      	Exception
rbf     	  40	      1e-07	0.1  	auto   	       1	    1e-07	       65.2021 	     19.6508   	      64.6982 	20.40061397747363  	        7.5072 	     1.17448   	       7.44579	     1.25654
sigmoid 	  40	      1e-07	0.1  	auto   	       1	    1e-07	        0      	      0        	       0      	Exception
rbf     	  20	      0.1  	0.01 	auto   	       1	    0.001	       32.6674 	     22.5827   	      33.3435 	22.89473126977116  	        4.55429	     2.11061   	       4.59047	     2.08369
sigmoid 	  20	      0.1  	0.01 	auto   	       1	    0.001	        0      	      0        	       0      	Exception
rbf     	  20	      0.1  	0.001	auto   	       1	    0.001	        4.76886	      0.0560083	       4.88345	0.26654747156866343	        1.91629	     0.0111136 	       1.9425 	     0.0463829
sigmoid 	  20	      0.1  	0.001	auto   	       1	    0.001	        0      	      0        	       0      	Exception
rbf     	  20	      0.1  	0.1  	auto   	       1	    0.001	       59.8407 	     22.5527   	      60.9707 	25.673826491098332 	        7.04057	     1.21758   	       7.09816	     1.42872
sigmoid 	  20	      0.1  	0.1  	auto   	       1	    0.001	        0      	      0        	       0      	Exception
rbf     	  20	      0.1  	0.01 	auto   	       1	    1e-05	       33.0494 	     22.864    	      32.2034 	22.029467111765594 	        4.58801	     2.13031   	       4.57872	     2.09533
sigmoid 	  20	      0.1  	0.01 	auto   	       1	    1e-05	        0      	      0        	       0      	Exception
rbf     	  20	      0.1  	0.001	auto   	       1	    1e-05	       14.0407 	     18.5381   	      13.756  	17.80535606192723  	        2.78957	     1.74384   	       2.80785	     1.74775
sigmoid 	  20	      0.1  	0.001	auto   	       1	    1e-05	        0      	      0        	       0      	Exception
rbf     	  20	      0.1  	0.1  	auto   	       1	    1e-05	       56.9613 	     18.4907   	      57.3793 	18.068970178975434 	        7.02512	     1.16448   	       7.0779 	     1.11469
sigmoid 	  20	      0.1  	0.1  	auto   	       1	    1e-05	        0      	      0        	       0      	Exception
rbf     	  20	      0.1  	0.01 	auto   	       1	    1e-07	       32.8536 	     22.665    	      31.6529 	21.671677331452134 	        4.57817	     2.11906   	       4.481  	     2.01862
sigmoid 	  20	      0.1  	0.01 	auto   	       1	    1e-07	        0      	      0        	       0      	Exception
rbf     	  20	      0.1  	0.001	auto   	       1	    1e-07	       22.9041 	     22.1912   	      24.0749 	23.597574798822908 	        3.63589	     2.1008    	       3.69693	     2.16735
sigmoid 	  20	      0.1  	0.001	auto   	       1	    1e-07	        0      	      0        	       0      	Exception
rbf     	  20	      0.1  	0.1  	auto   	       1	    1e-07	       49.0296 	     14.8987   	      49.2559 	15.299614087094154 	        6.5226 	     0.938575  	       6.52661	     0.98557
sigmoid 	  20	      0.1  	0.1  	auto   	       1	    1e-07	        0      	      0        	       0      	Exception
rbf     	  20	      0.001	0.01 	auto   	       1	    0.001	       23.3812 	     22.4431   	      24.4079 	23.524239376598953 	        3.73417	     2.14706   	       3.82384	     2.22964
sigmoid 	  20	      0.001	0.01 	auto   	       1	    0.001	        0      	      0        	       0      	Exception
rbf     	  20	      0.001	0.001	auto   	       1	    0.001	       32.3527 	     22.5167   	      32.1964 	22.449760312486518 	        4.5438 	     2.14359   	       4.52001	     2.11733
sigmoid 	  20	      0.001	0.001	auto   	       1	    0.001	        0      	      0        	       0      	Exception
rbf     	  20	      0.001	0.1  	auto   	       1	    0.001	       56.6044 	     18.5796   	      54.5736 	17.941254354270292 	        7.00363	     1.17188   	       6.86396	     1.14894
sigmoid 	  20	      0.001	0.1  	auto   	       1	    0.001	        0      	      0        	       0      	Exception
rbf     	  20	      0.001	0.01 	auto   	       1	    1e-05	       23.2483 	     22.2384   	      24.5026 	23.739560646486385 	        3.66361	     2.05845   	       3.73664	     2.12748
sigmoid 	  20	      0.001	0.01 	auto   	       1	    1e-05	        0      	      0        	       0      	Exception
rbf     	  20	      0.001	0.001	auto   	       1	    1e-05	       41.6159 	     18.4244   	      41.9623 	18.670258481642964 	        5.423  	     1.75094   	       5.43541	     1.76505
sigmoid 	  20	      0.001	0.001	auto   	       1	    1e-05	        0      	      0        	       0      	Exception
rbf     	  20	      0.001	0.1  	auto   	       1	    1e-05	       60.3232 	     22.4544   	      60.6503 	22.61311189691622  	        7.07594	     1.22185   	       7.09196	     1.23117
sigmoid 	  20	      0.001	0.1  	auto   	       1	    1e-05	        0      	      0        	       0      	Exception
rbf     	  20	      0.001	0.01 	auto   	       1	    1e-07	       14.4198 	     18.6812   	      14.6095 	18.884408558785594 	        2.87083	     1.7735    	       2.91905	     1.84187
sigmoid 	  20	      0.001	0.01 	auto   	       1	    1e-07	        0      	      0        	       0      	Exception
rbf     	  20	      0.001	0.001	auto   	       1	    1e-07	       14.1121 	     18.7083   	      14.3774 	18.849874571452986 	        2.80176	     1.77687   	       2.83256	     1.7531
sigmoid 	  20	      0.001	0.001	auto   	       1	    1e-07	        0      	      0        	       0      	Exception
rbf     	  20	      0.001	0.1  	auto   	       1	    1e-07	       49.2794 	     15.233    	      48.0722 	12.912689217113163 	        6.53762	     0.963302  	       6.48044	     0.827215
sigmoid 	  20	      0.001	0.1  	auto   	       1	    1e-07	        0      	      0        	       0      	Exception
rbf     	  20	      1e-05	0.01 	auto   	       1	    0.001	       32.7561 	     22.628    	      32.9587 	22.638632660898473 	        4.56247	     2.11266   	       4.61461	     2.11121
sigmoid 	  20	      1e-05	0.01 	auto   	       1	    0.001	        0      	      0        	       0      	Exception
rbf     	  20	      1e-05	0.001	auto   	       1	    0.001	       32.2426 	     22.4223   	      33.0452 	23.1288817984566   	        4.52837	     2.13029   	       4.58051	     2.16489
sigmoid 	  20	      1e-05	0.001	auto   	       1	    0.001	        0      	      0        	       0      	Exception
rbf     	  20	      1e-05	0.1  	auto   	       1	    0.001	       49.1054 	     15.179    	      47.9138 	12.87566385005042  	        6.52831	     0.961886  	       6.472  	     0.826773
sigmoid 	  20	      1e-05	0.1  	auto   	       1	    0.001	        0      	      0        	       0      	Exception
rbf     	  20	      1e-05	0.01 	auto   	       1	    1e-05	       23.4317 	     22.4672   	      23.838  	22.967051950090102 	        3.67934	     2.07573   	       3.67832	     2.0702
sigmoid 	  20	      1e-05	0.01 	auto   	       1	    1e-05	        0      	      0        	       0      	Exception
rbf     	  20	      1e-05	0.001	auto   	       1	    1e-05	       23.239  	     22.5872   	      22.167  	21.335295274944944 	        3.67579	     2.14989   	       3.60592	     2.05907
sigmoid 	  20	      1e-05	0.001	auto   	       1	    1e-05	        0      	      0        	       0      	Exception
rbf     	  20	      1e-05	0.1  	auto   	       1	    1e-05	       58.6288 	     20.6227   	      57.6231 	17.71930887029219  	        7.0568 	     1.20292   	       7.02114	     1.03008
sigmoid 	  20	      1e-05	0.1  	auto   	       1	    1e-05	        0      	      0        	       0      	Exception
rbf     	  20	      1e-05	0.01 	auto   	       1	    1e-07	       41.7596 	     18.3421   	      42.5352 	18.844133995479154 	        5.37182	     1.69154   	       5.3972 	     1.72529
sigmoid 	  20	      1e-05	0.01 	auto   	       1	    1e-07	        0      	      0        	       0      	Exception
rbf     	  20	      1e-05	0.001	auto   	       1	    1e-07	       32.7224 	     22.8441   	      32.5006 	22.487833213977282 	        4.56194	     2.16555   	       4.60077	     2.15431
sigmoid 	  20	      1e-05	0.001	auto   	       1	    1e-07	        0      	      0        	       0      	Exception
rbf     	  20	      1e-05	0.1  	auto   	       1	    1e-07	       66.3236 	     20.394    	      65.494  	21.961890143624807 	        7.52156	     1.19952   	       7.4629 	     1.27914
sigmoid 	  20	      1e-05	0.1  	auto   	       1	    1e-07	        0      	      0        	       0      	Exception
rbf     	  20	      1e-07	0.01 	auto   	       1	    0.001	       23.3989 	     22.4739   	      24.0679 	23.03352651435599  	        3.73431	     2.15306   	       3.80136	     2.16714
sigmoid 	  20	      1e-07	0.01 	auto   	       1	    0.001	        0      	      0        	       0      	Exception
rbf     	  20	      1e-07	0.001	auto   	       1	    0.001	       50.9589 	      0.671219 	      50.5536 	2.0999560443236804 	        6.30214	     0.065715  	       6.27499	     0.128367
sigmoid 	  20	      1e-07	0.001	auto   	       1	    0.001	        0      	      0        	       0      	Exception
rbf     	  20	      1e-07	0.1  	auto   	       1	    0.001	       68.864  	     22.5008   	      68.7846 	23.538697367158786 	        7.54668	     1.22724   	       7.5445 	     1.29516
sigmoid 	  20	      1e-07	0.1  	auto   	       1	    0.001	        0      	      0        	       0      	Exception
rbf     	  20	      1e-07	0.01 	auto   	       1	    1e-05	       32.6691 	     22.5108   	      32.9601 	22.869415851409762 	        4.59059	     2.1277    	       4.60219	     2.14605
sigmoid 	  20	      1e-07	0.01 	auto   	       1	    1e-05	        0      	      0        	       0      	Exception
rbf     	  20	      1e-07	0.001	auto   	       1	    1e-05	       23.0804 	     22.4597   	      23.5044 	22.739162574162933 	        3.64555	     2.12347   	       3.69837	     2.1307
sigmoid 	  20	      1e-07	0.001	auto   	       1	    1e-05	        0      	      0        	       0      	Exception
rbf     	  20	      1e-07	0.1  	auto   	       1	    1e-05	       78.8024 	     18.4005   	      78.0481 	19.10112954436729  	        8.09072	     1.00272   	       8.07431	     1.03068
sigmoid 	  20	      1e-07	0.1  	auto   	       1	    1e-05	        0      	      0        	       0      	Exception
rbf     	  20	      1e-07	0.01 	auto   	       1	    1e-07	       32.9348 	     22.7224   	      31.9012 	21.989185455025968 	        4.61438	     2.14281   	       4.53585	     2.10037
sigmoid 	  20	      1e-07	0.01 	auto   	       1	    1e-07	        0      	      0        	       0      	Exception
rbf     	  20	      1e-07	0.001	auto   	       1	    1e-07	       13.7843 	     18.0577   	      14.6898 	19.49591232774164  	        2.76969	     1.70987   	       2.83683	     1.77511
sigmoid 	  20	      1e-07	0.001	auto   	       1	    1e-07	        0      	      0        	       0      	Exception
rbf     	  20	      1e-07	0.1  	auto   	       1	    1e-07	       50.6123 	     17.8986   	      51.5582 	19.7916794633608   	        6.5419 	     0.971848  	       6.62426	     1.10586
sigmoid 	  20	      1e-07	0.1  	auto   	       1	    1e-07	        0      	      0        	       0      	Exception